method,time_ms,memory_peak_kb
mysqli_procedural,107.3135,1936.3046875
mysqli_procedural,101.6012,1936.3046875
mysqli_procedural,97.6338,1936.3046875
mysqli_procedural,104.0517,1936.3046875
mysqli_procedural,110.7744,1936.3046875
mysqli_procedural,123.3279,1936.3046875
mysqli_procedural,115.1664,1936.3046875
mysqli_procedural,113.823,1936.3046875
mysqli_procedural,131.5368,1936.3046875
mysqli_procedural,126.0288,1936.3046875
mysqli_procedural,121.3705,1936.3046875
mysqli_procedural,115.4169,1936.3046875
mysqli_procedural,102.4324,1936.3046875
mysqli_procedural,119.8623,1936.3046875
mysqli_procedural,99.4616,1936.3046875
mysqli_procedural,99.2734,1936.3046875
mysqli_procedural,113.3857,1936.3046875
mysqli_procedural,99.9703,1936.3046875
mysqli_procedural,128.4759,1936.3046875
mysqli_procedural,119.7437,1936.3046875
mysqli_procedural,98.2677,1936.3046875
mysqli_procedural,100.0061,1936.3046875
mysqli_procedural,131.0212,1936.3046875
mysqli_procedural,102.5833,1936.3046875
mysqli_procedural,99.9726,1936.3046875
mysqli_procedural,98.7072,1936.3046875
mysqli_procedural,100.0857,1936.3046875
mysqli_procedural,120.4286,1936.3046875
mysqli_procedural,112.1708,1936.3046875
mysqli_procedural,100.3786,1936.3046875
mysqli_procedural,115.7928,1936.3046875
mysqli_procedural,100.1602,1936.3046875
mysqli_procedural,119.1273,1936.3046875
mysqli_procedural,97.9575,1936.3046875
mysqli_procedural,97.6573,1936.3046875
mysqli_procedural,118.8082,1936.3046875
mysqli_procedural,107.7058,1936.3046875
mysqli_procedural,99.8698,1936.3046875
mysqli_procedural,98.3614,1936.3046875
mysqli_procedural,106.8736,1936.3046875
mysqli_procedural,116.2636,1936.3046875
mysqli_procedural,103.557,1936.3046875
mysqli_procedural,98.5003,1936.3046875
mysqli_procedural,99.4445,1936.3046875
mysqli_procedural,114.4725,1936.3046875
mysqli_procedural,115.364,1936.3046875
mysqli_procedural,105.2656,1936.3046875
mysqli_procedural,121.8881,1936.3046875
mysqli_procedural,98.844,1936.3046875
mysqli_procedural,109.1327,1936.3046875
mysqli_procedural,98.7897,1936.3046875
mysqli_procedural,106.064,1936.3046875
mysqli_procedural,107.8222,1936.3046875
mysqli_procedural,117.2318,1936.3046875
mysqli_procedural,100.8188,1936.3046875
mysqli_procedural,100.8591,1936.3046875
mysqli_procedural,106.9463,1936.3046875
mysqli_procedural,106.8193,1936.3046875
mysqli_procedural,99.4353,1936.3046875
mysqli_procedural,98.0695,1936.3046875
mysqli_procedural,138.2355,1936.3046875
mysqli_procedural,113.6013,1936.3046875
mysqli_procedural,100.9103,1936.3046875
mysqli_procedural,114.3982,1936.3046875
mysqli_procedural,120.7593,1936.3046875
mysqli_procedural,100.0598,1936.3046875
mysqli_procedural,98.3293,1936.3046875
mysqli_procedural,99.8904,1936.3046875
mysqli_procedural,97.9981,1936.3046875
mysqli_procedural,105.0434,1936.3046875
mysqli_procedural,100.9195,1936.3046875
mysqli_procedural,108.3868,1936.3046875
mysqli_procedural,99.5165,1936.3046875
mysqli_procedural,119.4045,1936.3046875
mysqli_procedural,102.1883,1936.3046875
mysqli_procedural,97.1711,1936.3046875
mysqli_procedural,97.8751,1936.3046875
mysqli_procedural,116.0146,1936.3046875
mysqli_procedural,99.0657,1936.3046875
mysqli_procedural,102.9907,1936.3046875
mysqli_procedural,99.4616,1936.3046875
mysqli_procedural,97.737,1936.3046875
mysqli_procedural,112.4988,1936.3046875
mysqli_procedural,99.2094,1936.3046875
mysqli_procedural,124.9946,1936.3046875
mysqli_procedural,111.0339,1936.3046875
mysqli_procedural,100.7595,1936.3046875
mysqli_procedural,100.3439,1936.3046875
mysqli_procedural,105.24,1936.3046875
mysqli_procedural,111.0884,1936.3046875
mysqli_procedural,113.0114,1936.3046875
mysqli_procedural,102.3121,1936.3046875
mysqli_procedural,99.2639,1936.3046875
mysqli_procedural,102.6734,1936.3046875
mysqli_procedural,98.2548,1936.3046875
mysqli_procedural,99.8626,1936.3046875
mysqli_procedural,114.3838,1936.3046875
mysqli_procedural,101.1711,1936.3046875
mysqli_procedural,104.0212,1936.3046875
mysqli_procedural,123.1456,1936.3046875
mysqli_procedural,119.6891,1936.3046875
mysqli_procedural,100.5511,1936.3046875
mysqli_procedural,101.3409,1936.3046875
mysqli_procedural,98.723,1936.3046875
mysqli_procedural,114.6836,1936.3046875
mysqli_procedural,117.9539,1936.3046875
mysqli_procedural,99.2177,1936.3046875
mysqli_procedural,100.9425,1936.3046875
mysqli_procedural,100.4151,1936.3046875
mysqli_procedural,98.4271,1936.3046875
mysqli_procedural,99.9287,1936.3046875
mysqli_procedural,100.172,1936.3046875
mysqli_procedural,102.1541,1936.3046875
mysqli_procedural,99.8702,1936.3046875
mysqli_procedural,129.4291,1936.3046875
mysqli_procedural,97.8356,1936.3046875
mysqli_procedural,97.9823,1936.3046875
mysqli_procedural,109.0732,1936.3046875
mysqli_procedural,111.4007,1936.3046875
mysqli_procedural,97.9458,1936.3046875
mysqli_procedural,100.0376,1936.3046875
mysqli_procedural,104.3313,1936.3046875
mysqli_procedural,98.556,1936.3046875
mysqli_procedural,112.2584,1936.3046875
mysqli_procedural,108.8365,1936.3046875
mysqli_procedural,106.4001,1936.3046875
mysqli_procedural,120.7865,1936.3046875
mysqli_procedural,98.9749,1936.3046875
mysqli_procedural,99.1304,1936.3046875
mysqli_procedural,98.3361,1936.3046875
mysqli_procedural,114.1018,1936.3046875
mysqli_procedural,117.8068,1936.3046875
mysqli_procedural,100.139,1936.3046875
mysqli_procedural,114.8908,1936.3046875
mysqli_procedural,116.7306,1936.3046875
mysqli_procedural,104.7953,1936.3046875
mysqli_procedural,97.4952,1936.3046875
mysqli_procedural,98.8946,1936.3046875
mysqli_procedural,97.2356,1936.3046875
mysqli_procedural,98.3954,1936.3046875
mysqli_procedural,133.4136,1936.3046875
mysqli_procedural,117.9611,1936.3046875
mysqli_procedural,115.9302,1936.3046875
mysqli_procedural,99.2557,1936.3046875
mysqli_procedural,121.0445,1936.3046875
mysqli_procedural,102.3228,1936.3046875
mysqli_procedural,97.2644,1936.3046875
mysqli_procedural,97.842,1936.3046875
mysqli_procedural,114.8377,1936.3046875
mysqli_procedural,119.9986,1936.3046875
mysqli_procedural,111.0917,1936.3046875
mysqli_procedural,98.1692,1936.3046875
mysqli_procedural,118.9068,1936.3046875
mysqli_procedural,118.0942,1936.3046875
mysqli_procedural,104.0806,1936.3046875
mysqli_procedural,109.0421,1936.3046875
mysqli_procedural,116.3258,1936.3046875
mysqli_procedural,103.0182,1936.3046875
mysqli_procedural,101.875,1936.3046875
mysqli_procedural,98.9629,1936.3046875
mysqli_procedural,107.7929,1936.3046875
mysqli_procedural,122.2432,1936.3046875
mysqli_procedural,99.9899,1936.3046875
mysqli_procedural,117.2939,1936.3046875
mysqli_procedural,112.6041,1936.3046875
mysqli_procedural,102.2846,1936.3046875
mysqli_procedural,125.4613,1936.3046875
mysqli_procedural,110.3428,1936.3046875
mysqli_procedural,99.1286,1936.3046875
mysqli_procedural,99.1786,1936.3046875
mysqli_procedural,99.1828,1936.3046875
mysqli_procedural,97.6884,1936.3046875
mysqli_procedural,102.5269,1936.3046875
mysqli_procedural,98.7755,1936.3046875
mysqli_procedural,97.5538,1936.3046875
mysqli_procedural,114.6054,1936.3046875
mysqli_procedural,97.9095,1936.3046875
mysqli_procedural,108.76,1936.3046875
mysqli_procedural,109.1632,1936.3046875
mysqli_procedural,102.1211,1936.3046875
mysqli_procedural,115.2797,1936.3046875
mysqli_procedural,117.1512,1936.3046875
mysqli_procedural,105.2391,1936.3046875
mysqli_procedural,124.3268,1936.3046875
mysqli_procedural,117.9685,1936.3046875
mysqli_procedural,117.5872,1936.3046875
mysqli_procedural,104.2602,1936.3046875
mysqli_procedural,97.3852,1936.3046875
mysqli_procedural,97.5099,1936.3046875
mysqli_procedural,116.6987,1936.3046875
mysqli_procedural,118.378,1936.3046875
mysqli_procedural,104.1234,1936.3046875
mysqli_procedural,108.8448,1936.3046875
mysqli_procedural,116.254,1936.3046875
mysqli_procedural,97.5865,1936.3046875
mysqli_procedural,139.5582,1936.3046875
mysqli_procedural,100.207,1936.3046875
mysqli_procedural,110.8786,1936.3046875
mysqli_procedural,99.7651,1936.3046875
mysqli_procedural,116.0902,1936.3046875
mysqli_object,103.7665,1960.4140625
mysqli_object,99.053,1959.6796875
mysqli_object,99.2975,1959.6796875
mysqli_object,98.5467,1959.6796875
mysqli_object,100.4021,1959.6796875
mysqli_object,102.042,1959.6796875
mysqli_object,111.092,1959.6796875
mysqli_object,101.571,1959.6796875
mysqli_object,116.0683,1959.6796875
mysqli_object,111.7171,1959.0546875
mysqli_object,102.4116,1959.0546875
mysqli_object,116.9047,1959.0546875
mysqli_object,101.42,1959.0546875
mysqli_object,114.6016,1959.0546875
mysqli_object,118.7431,1959.0546875
mysqli_object,99.2254,1959.0546875
mysqli_object,115.1855,1959.0546875
mysqli_object,99.6845,1957.8046875
mysqli_object,100.5337,1957.8046875
mysqli_object,114.5879,1957.8046875
mysqli_object,99.611,1957.8046875
mysqli_object,98.6831,1957.8046875
mysqli_object,98.4585,1957.8046875
mysqli_object,124.2165,1957.8046875
mysqli_object,113.3338,1957.8046875
mysqli_object,97.9094,1957.8046875
mysqli_object,98.9617,1957.8046875
mysqli_object,101.2727,1957.8046875
mysqli_object,104.7155,1957.8046875
mysqli_object,98.3817,1957.8046875
mysqli_object,111.4081,1957.8046875
mysqli_object,97.7558,1957.8046875
mysqli_object,102.8819,1957.8046875
mysqli_object,101.479,1955.3046875
mysqli_object,98.3624,1955.3046875
mysqli_object,126.537,1955.3046875
mysqli_object,124.3131,1955.3046875
mysqli_object,103.4283,1955.3046875
mysqli_object,121.6277,1955.3046875
mysqli_object,138.2115,1955.3046875
mysqli_object,133.2581,1955.3046875
mysqli_object,104.8301,1955.3046875
mysqli_object,110.2102,1955.3046875
mysqli_object,100.435,1955.3046875
mysqli_object,115.052,1955.3046875
mysqli_object,101.4588,1955.3046875
mysqli_object,119.9329,1955.3046875
mysqli_object,112.3964,1955.3046875
mysqli_object,101.4226,1955.3046875
mysqli_object,114.2516,1955.3046875
mysqli_object,119.9376,1955.3046875
mysqli_object,98.7236,1955.3046875
mysqli_object,98.3357,1955.3046875
mysqli_object,109.1423,1955.3046875
mysqli_object,117.1074,1955.3046875
mysqli_object,141.5992,1955.3046875
mysqli_object,127.9392,1955.3046875
mysqli_object,118.3874,1955.3046875
mysqli_object,125.9554,1955.3046875
mysqli_object,115.7297,1955.3046875
mysqli_object,110.8375,1955.3046875
mysqli_object,98.7157,1955.3046875
mysqli_object,100.0332,1955.3046875
mysqli_object,118.0618,1955.3046875
mysqli_object,98.7229,1955.3046875
mysqli_object,113.5843,1944.3046875
mysqli_object,114.4757,1944.3046875
mysqli_object,99.2445,1944.3046875
mysqli_object,105.582,1944.3046875
mysqli_object,100.0466,1944.3046875
mysqli_object,98.6195,1944.3046875
mysqli_object,126.4903,1944.3046875
mysqli_object,143.4812,1944.3046875
mysqli_object,98.4995,1944.3046875
mysqli_object,110.8839,1944.3046875
mysqli_object,115.0062,1944.3046875
mysqli_object,130.0041,1944.3046875
mysqli_object,123.0242,1944.3046875
mysqli_object,100.1217,1944.3046875
mysqli_object,98.8234,1944.3046875
mysqli_object,99.7047,1944.3046875
mysqli_object,103.129,1944.3046875
mysqli_object,103.3682,1944.3046875
mysqli_object,111.3219,1944.3046875
mysqli_object,109.7303,1944.3046875
mysqli_object,103.586,1944.3046875
mysqli_object,121.082,1944.3046875
mysqli_object,105.9701,1944.3046875
mysqli_object,113.508,1944.3046875
mysqli_object,106.6721,1944.3046875
mysqli_object,126.7912,1944.3046875
mysqli_object,100.4714,1944.3046875
mysqli_object,98.6321,1944.3046875
mysqli_object,108.958,1944.3046875
mysqli_object,108.4438,1944.3046875
mysqli_object,125.6916,1944.3046875
mysqli_object,112.7526,1944.3046875
mysqli_object,99.6315,1944.3046875
mysqli_object,114.9274,1944.3046875
mysqli_object,99.4869,1944.3046875
mysqli_object,103.9718,1944.3046875
mysqli_object,112.9298,1944.3046875
mysqli_object,98.8583,1944.3046875
mysqli_object,99.3894,1944.3046875
mysqli_object,103.6255,1944.3046875
mysqli_object,100.5221,1944.3046875
mysqli_object,111.7349,1944.3046875
mysqli_object,101.1595,1944.3046875
mysqli_object,113.0241,1944.3046875
mysqli_object,109.9277,1944.3046875
mysqli_object,122.2454,1944.3046875
mysqli_object,137.0753,1944.3046875
mysqli_object,114.9287,1944.3046875
mysqli_object,99.6371,1944.3046875
mysqli_object,108.1746,1944.3046875
mysqli_object,98.557,1944.3046875
mysqli_object,111.2181,1944.3046875
mysqli_object,98.7988,1944.3046875
mysqli_object,104.9736,1944.3046875
mysqli_object,110.9926,1944.3046875
mysqli_object,98.7674,1944.3046875
mysqli_object,100.8294,1944.3046875
mysqli_object,113.0381,1944.3046875
mysqli_object,106.7973,1944.3046875
mysqli_object,97.2961,1944.3046875
mysqli_object,98.0776,1944.3046875
mysqli_object,99.8812,1944.3046875
mysqli_object,103.2245,1944.3046875
mysqli_object,101.3316,1944.3046875
mysqli_object,99.0256,1936.3046875
mysqli_object,110.6901,1936.3046875
mysqli_object,99.2278,1936.3046875
mysqli_object,102.5395,1936.3046875
mysqli_object,100.8246,1936.3046875
mysqli_object,99.8583,1936.3046875
mysqli_object,98.9781,1936.3046875
mysqli_object,100.3198,1936.3046875
mysqli_object,128.1551,1936.3046875
mysqli_object,102.4086,1936.3046875
mysqli_object,98.9146,1936.3046875
mysqli_object,115.4671,1936.3046875
mysqli_object,98.1222,1936.3046875
mysqli_object,122.1323,1936.3046875
mysqli_object,98.8326,1936.3046875
mysqli_object,114.6393,1936.3046875
mysqli_object,116.9946,1936.3046875
mysqli_object,114.9981,1936.3046875
mysqli_object,107.4724,1936.3046875
mysqli_object,108.8086,1936.3046875
mysqli_object,114.6486,1936.3046875
mysqli_object,101.7394,1936.3046875
mysqli_object,102.7203,1936.3046875
mysqli_object,111.7271,1936.3046875
mysqli_object,100.3406,1936.3046875
mysqli_object,99.1521,1936.3046875
mysqli_object,98.3929,1936.3046875
mysqli_object,100.4264,1936.3046875
mysqli_object,99.4858,1936.3046875
mysqli_object,117.3325,1936.3046875
mysqli_object,98.8718,1936.3046875
mysqli_object,117.4888,1936.3046875
mysqli_object,102.6215,1936.3046875
mysqli_object,97.8294,1936.3046875
mysqli_object,115.0834,1936.3046875
mysqli_object,101.0641,1936.3046875
mysqli_object,119.9676,1936.3046875
mysqli_object,99.2568,1936.3046875
mysqli_object,98.5742,1936.3046875
mysqli_object,112.4417,1936.3046875
mysqli_object,98.6677,1936.3046875
mysqli_object,120.4132,1936.3046875
mysqli_object,99.633,1936.3046875
mysqli_object,138.2652,1936.3046875
mysqli_object,110.2524,1936.3046875
mysqli_object,99.3903,1936.3046875
mysqli_object,103.1029,1936.3046875
mysqli_object,98.2036,1936.3046875
mysqli_object,99.2372,1936.3046875
mysqli_object,112.1452,1936.3046875
mysqli_object,100.7009,1936.3046875
mysqli_object,101.8137,1936.3046875
mysqli_object,113.6981,1936.3046875
mysqli_object,101.9056,1936.3046875
mysqli_object,116.4899,1936.3046875
mysqli_object,100.7209,1936.3046875
mysqli_object,114.5256,1936.3046875
mysqli_object,114.5328,1936.3046875
mysqli_object,98.2347,1936.3046875
mysqli_object,97.5449,1936.3046875
mysqli_object,99.7307,1936.3046875
mysqli_object,104.1853,1936.3046875
mysqli_object,117.1887,1936.3046875
mysqli_object,98.5875,1936.3046875
mysqli_object,122.2323,1936.3046875
mysqli_object,99.7658,1936.3046875
mysqli_object,98.3047,1936.3046875
mysqli_object,99.8782,1936.3046875
mysqli_object,100.6239,1936.3046875
mysqli_object,99.4404,1936.3046875
mysqli_object,102.6142,1936.3046875
mysqli_prepared,102.0102,1960.4140625
mysqli_prepared,110.9747,1959.6796875
mysqli_prepared,112.1169,1959.6796875
mysqli_prepared,107.5356,1959.6796875
mysqli_prepared,100.9438,1959.6796875
mysqli_prepared,100.4764,1959.6796875
mysqli_prepared,109.9697,1959.6796875
mysqli_prepared,101.7109,1959.6796875
mysqli_prepared,106.3688,1959.6796875
mysqli_prepared,106.2748,1959.0546875
mysqli_prepared,100.8012,1959.0546875
mysqli_prepared,103.689,1959.0546875
mysqli_prepared,100.9944,1959.0546875
mysqli_prepared,106.2013,1959.0546875
mysqli_prepared,136.6723,1959.0546875
mysqli_prepared,102.635,1959.0546875
mysqli_prepared,113.4456,1959.0546875
mysqli_prepared,106.8504,1957.8046875
mysqli_prepared,135.5061,1957.8046875
mysqli_prepared,139.5513,1957.8046875
mysqli_prepared,119.3737,1957.8046875
mysqli_prepared,105.3793,1957.8046875
mysqli_prepared,107.4921,1957.8046875
mysqli_prepared,100.6237,1957.8046875
mysqli_prepared,115.2618,1957.8046875
mysqli_prepared,100.8491,1957.8046875
mysqli_prepared,116.7927,1957.8046875
mysqli_prepared,114.9871,1957.8046875
mysqli_prepared,117.8252,1957.8046875
mysqli_prepared,100.4787,1957.8046875
mysqli_prepared,119.9347,1957.8046875
mysqli_prepared,108.0798,1957.8046875
mysqli_prepared,107.558,1957.8046875
mysqli_prepared,107.2279,1955.3046875
mysqli_prepared,103.6212,1955.3046875
mysqli_prepared,106.0984,1955.3046875
mysqli_prepared,112.993,1955.3046875
mysqli_prepared,101.9918,1955.3046875
mysqli_prepared,112.4353,1955.3046875
mysqli_prepared,99.7875,1955.3046875
mysqli_prepared,120.2438,1955.3046875
mysqli_prepared,110.4572,1955.3046875
mysqli_prepared,116.8509,1955.3046875
mysqli_prepared,101.2356,1955.3046875
mysqli_prepared,117.2547,1955.3046875
mysqli_prepared,100.7376,1955.3046875
mysqli_prepared,103.1412,1955.3046875
mysqli_prepared,109.8669,1955.3046875
mysqli_prepared,101.2496,1955.3046875
mysqli_prepared,106.1782,1955.3046875
mysqli_prepared,108.0153,1955.3046875
mysqli_prepared,101.2481,1955.3046875
mysqli_prepared,101.4725,1955.3046875
mysqli_prepared,110.7184,1955.3046875
mysqli_prepared,111.0368,1955.3046875
mysqli_prepared,107.5756,1955.3046875
mysqli_prepared,117.6076,1955.3046875
mysqli_prepared,113.5523,1955.3046875
mysqli_prepared,107.099,1955.3046875
mysqli_prepared,109.7869,1955.3046875
mysqli_prepared,101.5235,1955.3046875
mysqli_prepared,100.9624,1955.3046875
mysqli_prepared,114.3047,1955.3046875
mysqli_prepared,103.7961,1955.3046875
mysqli_prepared,111.3594,1955.3046875
mysqli_prepared,102.0679,1944.3046875
mysqli_prepared,102.5098,1944.3046875
mysqli_prepared,113.7725,1944.3046875
mysqli_prepared,104.3762,1944.3046875
mysqli_prepared,124.5858,1944.3046875
mysqli_prepared,116.4764,1944.3046875
mysqli_prepared,101.6131,1944.3046875
mysqli_prepared,106.145,1944.3046875
mysqli_prepared,123.9003,1944.3046875
mysqli_prepared,102.3307,1944.3046875
mysqli_prepared,99.4818,1944.3046875
mysqli_prepared,101.2288,1944.3046875
mysqli_prepared,106.6179,1944.3046875
mysqli_prepared,145.7482,1944.3046875
mysqli_prepared,113.1396,1944.3046875
mysqli_prepared,118.6923,1944.3046875
mysqli_prepared,131.6507,1944.3046875
mysqli_prepared,112.9917,1944.3046875
mysqli_prepared,103.4244,1944.3046875
mysqli_prepared,105.5385,1944.3046875
mysqli_prepared,112.5915,1944.3046875
mysqli_prepared,118.6818,1944.3046875
mysqli_prepared,126.9398,1944.3046875
mysqli_prepared,116.0513,1944.3046875
mysqli_prepared,104.1003,1944.3046875
mysqli_prepared,116.0554,1944.3046875
mysqli_prepared,103.489,1944.3046875
mysqli_prepared,104.4412,1944.3046875
mysqli_prepared,116.2826,1944.3046875
mysqli_prepared,119.9844,1944.3046875
mysqli_prepared,98.9276,1944.3046875
mysqli_prepared,100.489,1944.3046875
mysqli_prepared,109.6511,1944.3046875
mysqli_prepared,111.4899,1944.3046875
mysqli_prepared,98.6065,1944.3046875
mysqli_prepared,98.0032,1944.3046875
mysqli_prepared,98.7068,1944.3046875
mysqli_prepared,99.3249,1944.3046875
mysqli_prepared,105.5838,1944.3046875
mysqli_prepared,104.1629,1944.3046875
mysqli_prepared,98.4803,1944.3046875
mysqli_prepared,105.8807,1944.3046875
mysqli_prepared,98.9368,1944.3046875
mysqli_prepared,104.7701,1944.3046875
mysqli_prepared,100.3306,1944.3046875
mysqli_prepared,103.6505,1944.3046875
mysqli_prepared,104.8068,1944.3046875
mysqli_prepared,100.6249,1944.3046875
mysqli_prepared,108.2057,1944.3046875
mysqli_prepared,103.4231,1944.3046875
mysqli_prepared,98.3595,1944.3046875
mysqli_prepared,103.1656,1944.3046875
mysqli_prepared,107.4535,1944.3046875
mysqli_prepared,102.5111,1944.3046875
mysqli_prepared,101.9983,1944.3046875
mysqli_prepared,98.7164,1944.3046875
mysqli_prepared,101.9849,1944.3046875
mysqli_prepared,109.3722,1944.3046875
mysqli_prepared,103.4124,1944.3046875
mysqli_prepared,98.7781,1944.3046875
mysqli_prepared,109.0353,1944.3046875
mysqli_prepared,107.1485,1944.3046875
mysqli_prepared,99.4969,1944.3046875
mysqli_prepared,113.8694,1944.3046875
mysqli_prepared,99.9737,1936.3046875
mysqli_prepared,107.4538,1936.3046875
mysqli_prepared,109.4402,1936.3046875
mysqli_prepared,102.1344,1936.3046875
mysqli_prepared,100.1877,1936.3046875
mysqli_prepared,98.4458,1936.3046875
mysqli_prepared,103.5426,1936.3046875
mysqli_prepared,96.714,1936.3046875
mysqli_prepared,112.7004,1936.3046875
mysqli_prepared,98.9937,1936.3046875
mysqli_prepared,111.0894,1936.3046875
mysqli_prepared,98.1552,1936.3046875
mysqli_prepared,104.3919,1936.3046875
mysqli_prepared,102.4435,1936.3046875
mysqli_prepared,100.8015,1936.3046875
mysqli_prepared,110.2731,1936.3046875
mysqli_prepared,105.8537,1936.3046875
mysqli_prepared,110.4883,1936.3046875
mysqli_prepared,102.7471,1936.3046875
mysqli_prepared,98.9126,1936.3046875
mysqli_prepared,98.0733,1936.3046875
mysqli_prepared,104.2754,1936.3046875
mysqli_prepared,98.5498,1936.3046875
mysqli_prepared,110.0674,1936.3046875
mysqli_prepared,99.459,1936.3046875
mysqli_prepared,113.0952,1936.3046875
mysqli_prepared,98.0493,1936.3046875
mysqli_prepared,108.0189,1936.3046875
mysqli_prepared,99.1588,1936.3046875
mysqli_prepared,99.2267,1936.3046875
mysqli_prepared,100.4464,1936.3046875
mysqli_prepared,103.6636,1936.3046875
mysqli_prepared,115.1012,1936.3046875
mysqli_prepared,101.2121,1936.3046875
mysqli_prepared,100.2805,1936.3046875
mysqli_prepared,100.354,1936.3046875
mysqli_prepared,112.4196,1936.3046875
mysqli_prepared,109.3662,1936.3046875
mysqli_prepared,106.3948,1936.3046875
mysqli_prepared,107.8019,1936.3046875
mysqli_prepared,109.035,1936.3046875
mysqli_prepared,101.0024,1936.3046875
mysqli_prepared,105.8042,1936.3046875
mysqli_prepared,97.7416,1936.3046875
mysqli_prepared,99.4456,1936.3046875
mysqli_prepared,98.658,1936.3046875
mysqli_prepared,105.2382,1936.3046875
mysqli_prepared,102.8607,1936.3046875
mysqli_prepared,98.3078,1936.3046875
mysqli_prepared,98.3515,1936.3046875
mysqli_prepared,103.5175,1936.3046875
mysqli_prepared,101.8567,1936.3046875
mysqli_prepared,101.0812,1936.3046875
mysqli_prepared,108.728,1936.3046875
mysqli_prepared,108.3127,1936.3046875
mysqli_prepared,108.8981,1936.3046875
mysqli_prepared,102.9875,1936.3046875
mysqli_prepared,101.501,1936.3046875
mysqli_prepared,98.0106,1936.3046875
mysqli_prepared,102.837,1936.3046875
mysqli_prepared,99.06,1936.3046875
mysqli_prepared,108.2404,1936.3046875
mysqli_prepared,98.6129,1936.3046875
mysqli_prepared,97.8243,1936.3046875
mysqli_prepared,96.9724,1936.3046875
mysqli_prepared,97.2519,1936.3046875
mysqli_prepared,102.0666,1936.3046875
mysqli_prepared,108.7099,1936.3046875
mysqli_prepared,107.7641,1936.3046875
mysqli_prepared,108.954,1936.3046875
mysqli_prepared,99.3141,1936.3046875
pdo_query,104.1517,1960.4140625
pdo_query,105.971,1959.6796875
pdo_query,96.021,1959.6796875
pdo_query,95.9654,1959.6796875
pdo_query,105.0043,1959.6796875
pdo_query,112.8085,1959.6796875
pdo_query,96.3707,1959.6796875
pdo_query,101.9644,1959.6796875
pdo_query,106.9257,1959.6796875
pdo_query,99.1878,1959.0546875
pdo_query,98.5466,1959.0546875
pdo_query,98.779,1959.0546875
pdo_query,107.4257,1959.0546875
pdo_query,110.2011,1959.0546875
pdo_query,99.5528,1959.0546875
pdo_query,97.6794,1959.0546875
pdo_query,99.3688,1959.0546875
pdo_query,98.9975,1957.8046875
pdo_query,102.5534,1957.8046875
pdo_query,100.1918,1957.8046875
pdo_query,103.3917,1957.8046875
pdo_query,97.3191,1957.8046875
pdo_query,96.8885,1957.8046875
pdo_query,101.6314,1957.8046875
pdo_query,112.0472,1957.8046875
pdo_query,97.7785,1957.8046875
pdo_query,99.3601,1957.8046875
pdo_query,109.7456,1957.8046875
pdo_query,109.3317,1957.8046875
pdo_query,100.4528,1957.8046875
pdo_query,101.5663,1957.8046875
pdo_query,96.5237,1957.8046875
pdo_query,103.4381,1957.8046875
pdo_query,97.4368,1955.3046875
pdo_query,99.7863,1955.3046875
pdo_query,97.7296,1955.3046875
pdo_query,96.421,1955.3046875
pdo_query,96.5529,1955.3046875
pdo_query,95.6238,1955.3046875
pdo_query,106.0261,1955.3046875
pdo_query,97.2483,1955.3046875
pdo_query,96.9744,1955.3046875
pdo_query,95.0923,1955.3046875
pdo_query,96.8526,1955.3046875
pdo_query,99.4779,1955.3046875
pdo_query,101.2547,1955.3046875
pdo_query,96.8498,1955.3046875
pdo_query,99.5689,1955.3046875
pdo_query,98.7133,1955.3046875
pdo_query,114.6136,1955.3046875
pdo_query,103.5397,1955.3046875
pdo_query,96.5669,1955.3046875
pdo_query,104.3275,1955.3046875
pdo_query,110.2482,1955.3046875
pdo_query,115.4129,1955.3046875
pdo_query,98.2522,1955.3046875
pdo_query,97.9411,1955.3046875
pdo_query,96.7226,1955.3046875
pdo_query,107.7345,1955.3046875
pdo_query,109.4658,1955.3046875
pdo_query,107.1676,1955.3046875
pdo_query,98.9668,1955.3046875
pdo_query,96.315,1955.3046875
pdo_query,100.9835,1955.3046875
pdo_query,102.5429,1955.3046875
pdo_query,97.5872,1944.3046875
pdo_query,97.4376,1944.3046875
pdo_query,98.2674,1944.3046875
pdo_query,101.646,1944.3046875
pdo_query,103.6422,1944.3046875
pdo_query,97.702,1944.3046875
pdo_query,107.5829,1944.3046875
pdo_query,128.9699,1944.3046875
pdo_query,109.3047,1944.3046875
pdo_query,96.0478,1944.3046875
pdo_query,96.5795,1944.3046875
pdo_query,96.7737,1944.3046875
pdo_query,110.0242,1944.3046875
pdo_query,101.0077,1944.3046875
pdo_query,97.7294,1944.3046875
pdo_query,98.0246,1944.3046875
pdo_query,96.2562,1944.3046875
pdo_query,103.3883,1944.3046875
pdo_query,100.7606,1944.3046875
pdo_query,106.0226,1944.3046875
pdo_query,105.9769,1944.3046875
pdo_query,96.7321,1944.3046875
pdo_query,108.7289,1944.3046875
pdo_query,110.7062,1944.3046875
pdo_query,97.5862,1944.3046875
pdo_query,98.7289,1944.3046875
pdo_query,96.1973,1944.3046875
pdo_query,96.496,1944.3046875
pdo_query,99.8,1944.3046875
pdo_query,97.3165,1944.3046875
pdo_query,110.5702,1944.3046875
pdo_query,95.1898,1944.3046875
pdo_query,107.0159,1944.3046875
pdo_query,112.9692,1944.3046875
pdo_query,96.8239,1944.3046875
pdo_query,98.2948,1944.3046875
pdo_query,110.3159,1944.3046875
pdo_query,133.4374,1944.3046875
pdo_query,96.8509,1944.3046875
pdo_query,105.8053,1944.3046875
pdo_query,102.4626,1944.3046875
pdo_query,107.3051,1944.3046875
pdo_query,100.7508,1944.3046875
pdo_query,100.5927,1944.3046875
pdo_query,107.2838,1944.3046875
pdo_query,108.5704,1944.3046875
pdo_query,113.1905,1944.3046875
pdo_query,110.6971,1944.3046875
pdo_query,97.2742,1944.3046875
pdo_query,95.5858,1944.3046875
pdo_query,96.3828,1944.3046875
pdo_query,97.4494,1944.3046875
pdo_query,111.9838,1944.3046875
pdo_query,95.8642,1944.3046875
pdo_query,98.1943,1944.3046875
pdo_query,96.3184,1944.3046875
pdo_query,110.6484,1944.3046875
pdo_query,108.6208,1944.3046875
pdo_query,107.4472,1944.3046875
pdo_query,108.6256,1944.3046875
pdo_query,109.0393,1944.3046875
pdo_query,112.2699,1944.3046875
pdo_query,106.1699,1944.3046875
pdo_query,108.5804,1944.3046875
pdo_query,108.3935,1941.1875
pdo_query,109.772,1941.1875
pdo_query,112.4212,1941.1875
pdo_query,108.5284,1941.1875
pdo_query,99.2057,1941.1875
pdo_query,99.5484,1941.1875
pdo_query,97.697,1941.1875
pdo_query,100.932,1941.1875
pdo_query,97.037,1941.1875
pdo_query,107.4553,1941.1875
pdo_query,96.4768,1941.1875
pdo_query,108.7471,1941.1875
pdo_query,96.774,1941.1875
pdo_query,96.6236,1941.1875
pdo_query,102.6104,1941.1875
pdo_query,95.2194,1941.1875
pdo_query,99.3703,1941.1875
pdo_query,97.2229,1941.1875
pdo_query,108.9008,1941.1875
pdo_query,110.3749,1941.1875
pdo_query,108.5389,1941.1875
pdo_query,99.8331,1941.1875
pdo_query,104.1582,1941.1875
pdo_query,107.5679,1941.1875
pdo_query,96.9641,1941.1875
pdo_query,95.0739,1941.1875
pdo_query,99.9452,1941.1875
pdo_query,98.1667,1941.1875
pdo_query,107.3648,1941.1875
pdo_query,96.5172,1941.1875
pdo_query,96.2752,1941.1875
pdo_query,109.3235,1941.1875
pdo_query,97.9729,1941.1875
pdo_query,98.048,1941.1875
pdo_query,96.9771,1941.1875
pdo_query,107.2751,1941.1875
pdo_query,110.4506,1941.1875
pdo_query,105.6904,1941.1875
pdo_query,97.8503,1941.1875
pdo_query,103.3654,1941.1875
pdo_query,97.5588,1941.1875
pdo_query,101.8544,1941.1875
pdo_query,97.6867,1941.1875
pdo_query,96.6543,1941.1875
pdo_query,97.5063,1941.1875
pdo_query,100.7199,1941.1875
pdo_query,113.5959,1941.1875
pdo_query,95.6257,1941.1875
pdo_query,97.2171,1941.1875
pdo_query,96.5711,1941.1875
pdo_query,97.7687,1941.1875
pdo_query,101.3357,1941.1875
pdo_query,98.983,1941.1875
pdo_query,97.9295,1941.1875
pdo_query,96.6007,1941.1875
pdo_query,103.137,1941.1875
pdo_query,113.2803,1941.1875
pdo_query,101.5239,1941.1875
pdo_query,108.3978,1941.1875
pdo_query,107.8429,1941.1875
pdo_query,112.4425,1941.1875
pdo_query,97.1724,1941.1875
pdo_query,101.984,1941.1875
pdo_query,110.3871,1941.1875
pdo_query,95.3046,1941.1875
pdo_query,114.3105,1941.1875
pdo_query,102.7374,1941.1875
pdo_query,95.7822,1941.1875
pdo_query,96.7661,1941.1875
pdo_query,101.13,1941.1875
pdo_query,114.1147,1941.1875
pdo_prepared_e,100.2244,1965.296875
pdo_prepared_e,98.9357,1964.5625
pdo_prepared_e,96.0989,1964.5625
pdo_prepared_e,107.5078,1964.5625
pdo_prepared_e,113.3869,1964.5625
pdo_prepared_e,97.1021,1964.5625
pdo_prepared_e,98.5694,1964.5625
pdo_prepared_e,108.3603,1964.5625
pdo_prepared_e,98.5831,1964.5625
pdo_prepared_e,106.5742,1963.9375
pdo_prepared_e,98.0461,1963.9375
pdo_prepared_e,99.8786,1963.9375
pdo_prepared_e,131.4487,1963.9375
pdo_prepared_e,107.8339,1963.9375
pdo_prepared_e,98.0445,1963.9375
pdo_prepared_e,96.9265,1963.9375
pdo_prepared_e,99.2643,1963.9375
pdo_prepared_e,99.9685,1962.6875
pdo_prepared_e,108.4913,1962.6875
pdo_prepared_e,102.9897,1962.6875
pdo_prepared_e,105.9826,1962.6875
pdo_prepared_e,98.5379,1962.6875
pdo_prepared_e,103.5003,1962.6875
pdo_prepared_e,113.7934,1962.6875
pdo_prepared_e,108.8686,1962.6875
pdo_prepared_e,103.9103,1962.6875
pdo_prepared_e,114.2928,1962.6875
pdo_prepared_e,109.1875,1962.6875
pdo_prepared_e,106.2193,1962.6875
pdo_prepared_e,110.9496,1962.6875
pdo_prepared_e,101.8703,1962.6875
pdo_prepared_e,117.0181,1962.6875
pdo_prepared_e,104.6096,1962.6875
pdo_prepared_e,101.13,1960.1875
pdo_prepared_e,102.7597,1960.1875
pdo_prepared_e,109.5856,1960.1875
pdo_prepared_e,109.4493,1960.1875
pdo_prepared_e,110.823,1960.1875
pdo_prepared_e,108.0575,1960.1875
pdo_prepared_e,102.3157,1960.1875
pdo_prepared_e,98.7047,1960.1875
pdo_prepared_e,99.9781,1960.1875
pdo_prepared_e,103.8784,1960.1875
pdo_prepared_e,105.286,1960.1875
pdo_prepared_e,103.1796,1960.1875
pdo_prepared_e,100.3818,1960.1875
pdo_prepared_e,102.3633,1960.1875
pdo_prepared_e,105.1892,1960.1875
pdo_prepared_e,97.7366,1960.1875
pdo_prepared_e,99.8943,1960.1875
pdo_prepared_e,104.409,1960.1875
pdo_prepared_e,124.4342,1960.1875
pdo_prepared_e,164.1782,1960.1875
pdo_prepared_e,115.3874,1960.1875
pdo_prepared_e,108.1717,1960.1875
pdo_prepared_e,116.2549,1960.1875
pdo_prepared_e,120.2441,1960.1875
pdo_prepared_e,110.8063,1960.1875
pdo_prepared_e,115.4445,1960.1875
pdo_prepared_e,112.6549,1960.1875
pdo_prepared_e,113.0928,1960.1875
pdo_prepared_e,103.9751,1960.1875
pdo_prepared_e,101.6232,1960.1875
pdo_prepared_e,102.9505,1960.1875
pdo_prepared_e,108.9176,1960.1875
pdo_prepared_e,103.0354,1949.1875
pdo_prepared_e,101.6168,1949.1875
pdo_prepared_e,99.7436,1949.1875
pdo_prepared_e,97.5763,1949.1875
pdo_prepared_e,100.0543,1949.1875
pdo_prepared_e,103.1031,1949.1875
pdo_prepared_e,120.1307,1949.1875
pdo_prepared_e,105.7439,1949.1875
pdo_prepared_e,100.7928,1949.1875
pdo_prepared_e,103.3103,1949.1875
pdo_prepared_e,105.9837,1949.1875
pdo_prepared_e,125.4988,1949.1875
pdo_prepared_e,127.7976,1949.1875
pdo_prepared_e,123.2658,1949.1875
pdo_prepared_e,112.3557,1949.1875
pdo_prepared_e,101.5018,1949.1875
pdo_prepared_e,102.4159,1949.1875
pdo_prepared_e,112.4969,1949.1875
pdo_prepared_e,118.0251,1949.1875
pdo_prepared_e,114.1982,1949.1875
pdo_prepared_e,105.1241,1949.1875
pdo_prepared_e,110.9466,1949.1875
pdo_prepared_e,119.0545,1949.1875
pdo_prepared_e,116.5147,1949.1875
pdo_prepared_e,102.857,1949.1875
pdo_prepared_e,114.8228,1949.1875
pdo_prepared_e,101.5155,1949.1875
pdo_prepared_e,117.4756,1949.1875
pdo_prepared_e,123.3246,1949.1875
pdo_prepared_e,132.9335,1949.1875
pdo_prepared_e,101.5105,1949.1875
pdo_prepared_e,108.7119,1949.1875
pdo_prepared_e,125.8058,1949.1875
pdo_prepared_e,100.2647,1949.1875
pdo_prepared_e,100.6212,1949.1875
pdo_prepared_e,127.1288,1949.1875
pdo_prepared_e,101.8155,1949.1875
pdo_prepared_e,101.8773,1949.1875
pdo_prepared_e,100.7942,1949.1875
pdo_prepared_e,100.9609,1949.1875
pdo_prepared_e,104.252,1949.1875
pdo_prepared_e,101.4848,1949.1875
pdo_prepared_e,134.0436,1949.1875
pdo_prepared_e,121.7801,1949.1875
pdo_prepared_e,118.443,1949.1875
pdo_prepared_e,112.4902,1949.1875
pdo_prepared_e,102.7737,1949.1875
pdo_prepared_e,102.5285,1949.1875
pdo_prepared_e,100.984,1949.1875
pdo_prepared_e,116.8888,1949.1875
pdo_prepared_e,111.2471,1949.1875
pdo_prepared_e,112.7496,1949.1875
pdo_prepared_e,119.9715,1949.1875
pdo_prepared_e,113.9247,1949.1875
pdo_prepared_e,105.6218,1949.1875
pdo_prepared_e,112.8593,1949.1875
pdo_prepared_e,113.6898,1949.1875
pdo_prepared_e,100.657,1949.1875
pdo_prepared_e,104.3035,1949.1875
pdo_prepared_e,114.4629,1949.1875
pdo_prepared_e,102.2038,1949.1875
pdo_prepared_e,116.9385,1949.1875
pdo_prepared_e,101.9569,1949.1875
pdo_prepared_e,117.3247,1949.1875
pdo_prepared_e,112.2259,1941.1875
pdo_prepared_e,101.7706,1941.1875
pdo_prepared_e,101.7107,1941.1875
pdo_prepared_e,130.9112,1941.1875
pdo_prepared_e,111.5332,1941.1875
pdo_prepared_e,106.9658,1941.1875
pdo_prepared_e,101.1069,1941.1875
pdo_prepared_e,108.4532,1941.1875
pdo_prepared_e,104.0597,1941.1875
pdo_prepared_e,102.2451,1941.1875
pdo_prepared_e,109.9816,1941.1875
pdo_prepared_e,113.9678,1941.1875
pdo_prepared_e,105.3428,1941.1875
pdo_prepared_e,109.627,1941.1875
pdo_prepared_e,117.6864,1941.1875
pdo_prepared_e,102.1698,1941.1875
pdo_prepared_e,101.6412,1941.1875
pdo_prepared_e,121.8281,1941.1875
pdo_prepared_e,114.4565,1941.1875
pdo_prepared_e,108.4531,1941.1875
pdo_prepared_e,100.8711,1941.1875
pdo_prepared_e,113.0685,1941.1875
pdo_prepared_e,106.3904,1941.1875
pdo_prepared_e,100.8666,1941.1875
pdo_prepared_e,102.3573,1941.1875
pdo_prepared_e,134.3482,1941.1875
pdo_prepared_e,104.0876,1941.1875
pdo_prepared_e,100.8713,1941.1875
pdo_prepared_e,138.8714,1941.1875
pdo_prepared_e,110.9351,1941.1875
pdo_prepared_e,115.8604,1941.1875
pdo_prepared_e,103.6306,1941.1875
pdo_prepared_e,102.1192,1941.1875
pdo_prepared_e,116.4384,1941.1875
pdo_prepared_e,111.1221,1941.1875
pdo_prepared_e,132.3507,1941.1875
pdo_prepared_e,115.851,1941.1875
pdo_prepared_e,104.7483,1941.1875
pdo_prepared_e,113.2156,1941.1875
pdo_prepared_e,103.8372,1941.1875
pdo_prepared_e,113.5709,1941.1875
pdo_prepared_e,101.5878,1941.1875
pdo_prepared_e,113.4287,1941.1875
pdo_prepared_e,116.8331,1941.1875
pdo_prepared_e,106.359,1941.1875
pdo_prepared_e,111.091,1941.1875
pdo_prepared_e,101.9818,1941.1875
pdo_prepared_e,101.2441,1941.1875
pdo_prepared_e,102.3556,1941.1875
pdo_prepared_e,102.9955,1941.1875
pdo_prepared_e,104.9839,1941.1875
pdo_prepared_e,100.5623,1941.1875
pdo_prepared_e,101.1059,1941.1875
pdo_prepared_e,101.9669,1941.1875
pdo_prepared_e,107.3675,1941.1875
pdo_prepared_e,103.4656,1941.1875
pdo_prepared_e,102.5664,1941.1875
pdo_prepared_e,101.8753,1941.1875
pdo_prepared_e,104.8666,1941.1875
pdo_prepared_e,103.4359,1941.1875
pdo_prepared_e,119.1866,1941.1875
pdo_prepared_e,114.8872,1941.1875
pdo_prepared_e,102.2488,1941.1875
pdo_prepared_e,106.1338,1941.1875
pdo_prepared_e,111.2392,1941.1875
pdo_prepared_e,114.7962,1941.1875
pdo_prepared_e,101.488,1941.1875
pdo_prepared_e,100.2684,1941.1875
pdo_prepared_e,121.2179,1941.1875
pdo_prepared_e,124.2311,1941.1875
pdo_prepared_e,101.2491,1941.1875
pdo_prepared_n,103.7591,1965.296875
pdo_prepared_n,109.4191,1964.5625
pdo_prepared_n,102.0982,1964.5625
pdo_prepared_n,103.0825,1964.5625
pdo_prepared_n,106.2167,1964.5625
pdo_prepared_n,105.958,1964.5625
pdo_prepared_n,105.7953,1964.5625
pdo_prepared_n,112.4933,1964.5625
pdo_prepared_n,103.0533,1964.5625
pdo_prepared_n,103.9799,1963.9375
pdo_prepared_n,106.1912,1963.9375
pdo_prepared_n,102.6143,1963.9375
pdo_prepared_n,116.3677,1963.9375
pdo_prepared_n,113.8447,1963.9375
pdo_prepared_n,103.0344,1963.9375
pdo_prepared_n,118.5797,1963.9375
pdo_prepared_n,103.6763,1963.9375
pdo_prepared_n,103.9819,1962.6875
pdo_prepared_n,103.2312,1962.6875
pdo_prepared_n,117.8688,1962.6875
pdo_prepared_n,106.3947,1962.6875
pdo_prepared_n,109.8443,1962.6875
pdo_prepared_n,103.7792,1962.6875
pdo_prepared_n,113.289,1962.6875
pdo_prepared_n,107.4259,1962.6875
pdo_prepared_n,103.4764,1962.6875
pdo_prepared_n,104.2004,1962.6875
pdo_prepared_n,102.5924,1962.6875
pdo_prepared_n,113.1512,1962.6875
pdo_prepared_n,135.2806,1962.6875
pdo_prepared_n,117.2389,1962.6875
pdo_prepared_n,112.3527,1962.6875
pdo_prepared_n,119.2734,1962.6875
pdo_prepared_n,119.1396,1960.1875
pdo_prepared_n,110.5202,1960.1875
pdo_prepared_n,114.2229,1960.1875
pdo_prepared_n,104.8471,1960.1875
pdo_prepared_n,104.3127,1960.1875
pdo_prepared_n,106.6855,1960.1875
pdo_prepared_n,106.1529,1960.1875
pdo_prepared_n,126.6145,1960.1875
pdo_prepared_n,117.0841,1960.1875
pdo_prepared_n,106.7242,1960.1875
pdo_prepared_n,110.3058,1960.1875
pdo_prepared_n,102.4208,1960.1875
pdo_prepared_n,113.9688,1960.1875
pdo_prepared_n,105.8014,1960.1875
pdo_prepared_n,105.4734,1960.1875
pdo_prepared_n,103.6707,1960.1875
pdo_prepared_n,103.729,1960.1875
pdo_prepared_n,104.0348,1960.1875
pdo_prepared_n,144.3667,1960.1875
pdo_prepared_n,119.1222,1960.1875
pdo_prepared_n,112.6594,1960.1875
pdo_prepared_n,116.6577,1960.1875
pdo_prepared_n,118.5924,1960.1875
pdo_prepared_n,114.4488,1960.1875
pdo_prepared_n,114.5176,1960.1875
pdo_prepared_n,116.1016,1960.1875
pdo_prepared_n,103.3124,1960.1875
pdo_prepared_n,107.2975,1960.1875
pdo_prepared_n,105.6896,1960.1875
pdo_prepared_n,103.4628,1960.1875
pdo_prepared_n,102.7948,1960.1875
pdo_prepared_n,110.4894,1960.1875
pdo_prepared_n,106.5127,1949.1875
pdo_prepared_n,112.3932,1949.1875
pdo_prepared_n,111.4445,1949.1875
pdo_prepared_n,105.0689,1949.1875
pdo_prepared_n,107.9123,1949.1875
pdo_prepared_n,120.56,1949.1875
pdo_prepared_n,103.3004,1949.1875
pdo_prepared_n,114.5094,1949.1875
pdo_prepared_n,103.9511,1949.1875
pdo_prepared_n,105.9266,1949.1875
pdo_prepared_n,104.0278,1949.1875
pdo_prepared_n,114.4569,1949.1875
pdo_prepared_n,103.3467,1949.1875
pdo_prepared_n,119.1078,1949.1875
pdo_prepared_n,102.8179,1949.1875
pdo_prepared_n,103.7711,1949.1875
pdo_prepared_n,120.1018,1949.1875
pdo_prepared_n,101.9286,1949.1875
pdo_prepared_n,109.5492,1949.1875
pdo_prepared_n,122.171,1949.1875
pdo_prepared_n,104.1279,1949.1875
pdo_prepared_n,104.2587,1949.1875
pdo_prepared_n,104.3238,1949.1875
pdo_prepared_n,108.4494,1949.1875
pdo_prepared_n,110.1761,1949.1875
pdo_prepared_n,115.3374,1949.1875
pdo_prepared_n,105.6201,1949.1875
pdo_prepared_n,120.6771,1949.1875
pdo_prepared_n,124.415,1949.1875
pdo_prepared_n,115.5594,1949.1875
pdo_prepared_n,115.6153,1949.1875
pdo_prepared_n,104.6792,1949.1875
pdo_prepared_n,104.5778,1949.1875
pdo_prepared_n,110.5365,1949.1875
pdo_prepared_n,112.4956,1949.1875
pdo_prepared_n,118.2389,1949.1875
pdo_prepared_n,105.1357,1949.1875
pdo_prepared_n,117.3166,1949.1875
pdo_prepared_n,102.7344,1949.1875
pdo_prepared_n,108.4085,1949.1875
pdo_prepared_n,116.6212,1949.1875
pdo_prepared_n,117.5775,1949.1875
pdo_prepared_n,102.9712,1949.1875
pdo_prepared_n,102.5333,1949.1875
pdo_prepared_n,102.9346,1949.1875
pdo_prepared_n,108.7518,1949.1875
pdo_prepared_n,105.0851,1949.1875
pdo_prepared_n,107.5287,1949.1875
pdo_prepared_n,114.5771,1949.1875
pdo_prepared_n,117.2097,1949.1875
pdo_prepared_n,107.5697,1949.1875
pdo_prepared_n,102.7481,1949.1875
pdo_prepared_n,134.4011,1949.1875
pdo_prepared_n,120.2305,1949.1875
pdo_prepared_n,108.8302,1949.1875
pdo_prepared_n,106.256,1949.1875
pdo_prepared_n,115.2946,1949.1875
pdo_prepared_n,102.6681,1949.1875
pdo_prepared_n,120.136,1949.1875
pdo_prepared_n,104.7465,1949.1875
pdo_prepared_n,104.2741,1949.1875
pdo_prepared_n,104.2458,1949.1875
pdo_prepared_n,117.3035,1949.1875
pdo_prepared_n,112.8379,1949.1875
pdo_prepared_n,105.3142,1941.1875
pdo_prepared_n,127.1865,1941.1875
pdo_prepared_n,114.8905,1941.1875
pdo_prepared_n,108.8021,1941.1875
pdo_prepared_n,125.739,1941.1875
pdo_prepared_n,103.6654,1941.1875
pdo_prepared_n,103.9269,1941.1875
pdo_prepared_n,103.6254,1941.1875
pdo_prepared_n,109.3959,1941.1875
pdo_prepared_n,111.9162,1941.1875
pdo_prepared_n,103.1353,1941.1875
pdo_prepared_n,114.6252,1941.1875
pdo_prepared_n,114.2538,1941.1875
pdo_prepared_n,109.3887,1941.1875
pdo_prepared_n,102.8401,1941.1875
pdo_prepared_n,120.3574,1941.1875
pdo_prepared_n,114.7036,1941.1875
pdo_prepared_n,107.657,1941.1875
pdo_prepared_n,103.9238,1941.1875
pdo_prepared_n,141.8032,1941.1875
pdo_prepared_n,111.3917,1941.1875
pdo_prepared_n,106.1776,1941.1875
pdo_prepared_n,104.9651,1941.1875
pdo_prepared_n,121.3041,1941.1875
pdo_prepared_n,104.9415,1941.1875
pdo_prepared_n,118.5453,1941.1875
pdo_prepared_n,106.4106,1941.1875
pdo_prepared_n,106.7425,1941.1875
pdo_prepared_n,114.0089,1941.1875
pdo_prepared_n,103.2327,1941.1875
pdo_prepared_n,118.1376,1941.1875
pdo_prepared_n,103.1969,1941.1875
pdo_prepared_n,124.4254,1941.1875
pdo_prepared_n,115.3184,1941.1875
pdo_prepared_n,102.6444,1941.1875
pdo_prepared_n,105.5528,1941.1875
pdo_prepared_n,110.7185,1941.1875
pdo_prepared_n,114.9527,1941.1875
pdo_prepared_n,115.781,1941.1875
pdo_prepared_n,122.254,1941.1875
pdo_prepared_n,104.1361,1941.1875
pdo_prepared_n,121.7769,1941.1875
pdo_prepared_n,102.5555,1941.1875
pdo_prepared_n,102.6119,1941.1875
pdo_prepared_n,105.2442,1941.1875
pdo_prepared_n,108.2192,1941.1875
pdo_prepared_n,103.981,1941.1875
pdo_prepared_n,137.2825,1941.1875
pdo_prepared_n,124.2518,1941.1875
pdo_prepared_n,120.3492,1941.1875
pdo_prepared_n,128.0212,1941.1875
pdo_prepared_n,115.1061,1941.1875
pdo_prepared_n,119.7911,1941.1875
pdo_prepared_n,116.4481,1941.1875
pdo_prepared_n,115.1544,1941.1875
pdo_prepared_n,115.6462,1941.1875
pdo_prepared_n,108.2122,1941.1875
pdo_prepared_n,123.92,1941.1875
pdo_prepared_n,104.4141,1941.1875
pdo_prepared_n,102.4964,1941.1875
pdo_prepared_n,123.0896,1941.1875
pdo_prepared_n,121.4223,1941.1875
pdo_prepared_n,114.6247,1941.1875
pdo_prepared_n,114.2944,1941.1875
pdo_prepared_n,103.2621,1941.1875
pdo_prepared_n,103.7089,1941.1875
pdo_prepared_n,110.6306,1941.1875
pdo_prepared_n,103.876,1941.1875
pdo_prepared_n,109.8647,1941.1875
pdo_prepared_n,117.6337,1941.1875
pdo_prepared_n,119.0324,1941.1875
